Bayi Kodu,Ünvan,Bölge,Mıntıka,ADRES,İL,İLÇE
30071557,STARK ENERJİ SANAYİ VE TİCARET LİMİTED ŞİRKETİ,GUNEYDOGU ANADOLU,Kahramanmaraş,ALİBEYLİ MAH. MUSA ŞAHİN BLV. NO:216,Osmaniye,MERKEZ
30072731,DOĞAN ERTEN AKARYAKIT İNŞAAT TİCARET LİM İTED ŞİRKETİ  .,GUNEYDOGU ANADOLU,Hatay,İSMET İNÖNÜ MAHALLESİ İBRAHİM KARAOĞLANOĞLU CADDESİ NO:125,Hatay,İSKENDERUN
30071673,ELC AKARYAKIT ÜRÜNLERİ SANAYİ VE TİCARET LİMİTED ŞİRKETİ,GUNEYDOGU ANADOLU,Malatya,ŞİFA MAH. BUHARA CAD. NO:233/A,Malatya,BATTALGAZİ
30070829,GAZİANTEP ORGANİZE SANAYİ BÖLGESİ MÜDÜRL ÜĞÜ  .,GUNEYDOGU ANADOLU,Gaziantep,1.ORGANİZE SANAYİ BÖLGESİ 20 NO`LU CADDE NO:7,Gaziantep,MERKEZ
30075276,MERSİN ÜNAL PET. ÜRÜNL.NAK. TURİZM GIDA MEDİKAL SAN.VE TİC. LTD ŞTİ,AKDENIZ,Adana,SERİNEVLER MAHALLESİ MUSTAFA KEMAL PAŞA BULVARI NO:91/Z01 AD,Adana,YÜREĞİR
30070637,ÇAĞLAR İNŞAAT YAPI MALZEMELERİ SANAYİ VE TİCARET LİMİTED ŞİRKETİ  .,AKDENIZ,Adana,TURGUT OZAL BULV.NO:249/A,Adana,MERKEZ
30070881,GÖZENLER PETROL ÜRÜNLERİ SANAYİ VE TİCAR ET LİMİTED ŞİRKETİ  .,AKDENIZ,Mersin,BARBAROS MAHALLESİ SAİT POLAT BULVARI NO:78A,İçel,TARSUS
30070807,AÇILIM İNŞAAT TİCARET VE SANAYİ LİMİTED ŞİRKETİ  .,GUNEYDOGU ANADOLU,Malatya,CUMHURİYET MAHALLESİ MALATYA CADDESİ NO:2,Elazığ,MERKEZ
30075165,ÇAĞAN AKARYAKIT İNŞAAT OTOMOTİV GIDA TİC ARET PAZARLAMA VE SANAYİ LİMİTED ŞİRKETİ  .,GUNEYDOGU ANADOLU,Hatay,DEREBAHÇE MAH. GİRNE CAD. NO:28,Hatay,BELEN
30074597,MDX FİLO AKARYAKIT BİL.DAN.İTH.İHR.SAN. VE TİC. LTD.ŞTİ  .,AKDENIZ,Adana,CEMALPAŞA MAH. CEVAT YURDAKUL CAD. NO:8/A,Adana,SEYHAN
30070957,PEKEL PETROL ÜRÜNLERİ DEPOLAMA TAŞIMA TU RİZM İNŞAAT VE İNŞAAT MALZEMELERİ GIDA M ADDELERİ TEKSTİL SANAYİ VE TİCARET LİMİT ED ŞİRKETİ,GUNEYDOGU ANADOLU,Malatya,MALATYA-ANKARA ASFALTI 6. KM. KARAKAVAK MEVKİİ (AFRA YANI),Malatya,MERKEZ
30073730,CEYSLER PETROL SANAYİ VE TİCARET LİMİTED ŞİRKETİ  .,GUNEYDOGU ANADOLU,Gaziantep,KOLAJTEPE MAH. İNÖNÜ CAD. NO:50,Gaziantep,ŞAHİNBEY
30071778,KAYTANOĞULLARI PETROL OTOMOTİV MARKETÇİL İK TARIM ÜRÜNLERİ HARİTA EMLAK İNŞAAT NA KLİYAT SANAYİ VE TİCARET LİMİTED ŞİRKETİ .,AKDENIZ,Adana,YAVUZLAR MAH.HACI SABANCI BUL.NO:256,Adana,YÜREĞİR
30082118,ÜSTBİRLİK AKARYAKIT İNŞ.TUR.OTOM.TAŞ GID.SAN.TİC.LTD.ŞTİ.,AKDENIZ,Adana,SAKARYA MAHALLESI TURHAN CEMAL BERIKER BULVARI NO.186/4,Adana,SEYHAN
30084458,DUMAN GRUP AKARYAKIT SANAYİ VE TİCARET LİMİTED ŞİRKETİ,AKDENIZ,Mersin,"SAĞLIK MAHALLESİ, GAZİ MUSTAFA KEMAL_1 BULVARI NO 122",İçel,TOROSLAR
30071954,PEKEL PETROL ÜRÜNLERİ DEPOLAMA TAŞIMACIL IK TURİZM İNŞAAT MALZEMELERİ GIDA MADDEL ERİ TEKSTİL SANAYİ VE TİCARET LİMİTED Şİ RKETİ,GUNEYDOGU ANADOLU,Malatya,ÜÇBAĞLAR MAH. SİVAS CAD. NO:95-A,Malatya,BATTALGAZİ
30075564,ÖDÜL PETROL İNŞAAT NAKLİYAT SANAYİ VE Tİ C.LTD.ŞTİ.  .,AKDENIZ,Adana,YÜZÜNCÜYIL MAH. DR. SADIK AHMET BLV. NO:69 ADANA  ADANA,Adana,ÇUKUROVA
30073369,AKKOYUNLU AKARYAKIT TİCARET LİMİTED ŞİRK ETİ  .,GUNEYDOGU ANADOLU,Hatay,NUMUNE EVLER MAH.İNÖNÜ CAD.NO:5/C,Hatay,DÖRTYOL
30070877,SALİH ARUNDAR   .,AKDENIZ,Mersin,FERAHİM ŞALVUZ MAH. SAİT POLAT BUL. NO:331 A,İçel,TARSUS
30074931,BEYPET LOJİSTİK ULUSNAK.PET.ÜR.GD.İNŞ.KU İÇ VE DIŞ TİC.LT.ŞT.  .,AKDENIZ,Mersin,KOCAHASANLI MAHALLESİ ATATÜRK BULVARI NO:16/A,İçel,ERDEMLİ
30070794,TUNÇ GÜNEŞ PETROL OTOMOTİV İNŞ. NAK. TURİZM TİC. VE SAN LTD. ŞTİ.,GUNEYDOGU ANADOLU,Diyarbakır,ELAZIĞ YOLU 1.KM SANAYI CAMI KARSISI,Diyarbakır,MERKEZ
30072239,BAŞARAN PETROLCÜLÜK TURİZM İNŞAAT NAKLİY E SANAYİ VE TİCARET LİMİTED ŞİRKETİ,GUNEYDOGU ANADOLU,Diyarbakır,ELAZIĞ CADDESİ CUMHURİYET GARAJI BİTİŞİĞİ NO:74,Diyarbakır,MERKEZ
30070625,PİR TİCARET KOLLEKTİF ŞİRKETİ -VEDAT PİR VE ORTAĞI  .,AKDENIZ,Adana,YEŞİLOBA MAHALLESİ T.CEMAL BERİKER BULVARI NO:670,Adana,SEYHAN
30074239,ERGİNKEKLİK PETROL ÜRÜNLERİ TAŞIMACILIK ZİRAİ ÜRÜNLERİ SAN.VE TİC.LTD.ŞTİ.  .,AKDENIZ,Adana,HAYDAROĞLU MAH. KARATAŞ BULV. NO:238/A,Adana,YÜREĞİR
30070635,KILINÇ PETROL ÜRÜNLERİ NAKLİYAT YEDEK PA RÇA TARIM MAKİNALARI TİCARET VE SANAYİ L İMİTED ŞİRKETİ .,AKDENIZ,Adana,İNÖNÜ BULVARI SANAYİ CADDESİ NO:1,Adana,CEYHAN
30071126,ÇETİN İZOL   .,GUNEYDOGU ANADOLU,Gaziantep,DİYARBAKIR YOLU ÜZERİ 4.KM.,Şanlıurfa,KARAKÖPRÜ
30070850,KULÜBECİ PETROL MAR.TURİZM OTO TAR.ÜRÜNL ERİ VE ALETLERİ TİC.LTD.ŞTİ.  .,GUNEYDOGU ANADOLU,Hatay,MARAŞ BOĞAZI MEVKİİ,Hatay,ANTAKYA
30071967,MISTIK USTA TURİZM AKARYAKIT SANAYİ TİCA RET LİMİTED ŞİRKETİ  .,AKDENIZ,Adana,ALTIKARA MAH. ADANA ŞANLIURFA OTOYOLU BULVARI NO:4 GÜNEY,Adana,CEYHAN
30071514,MISTIK USTA TURİZM AKARYAKIT SANAYİ TİCA RET LİMİTED ŞİRKETİ  .,AKDENIZ,Adana,ALTIKARA MAH. ADANA ŞANLIURFA OTOYOLU BUL. NO:3 KUZEY,Adana,CEYHAN
30070961,KAPUSUZ KARDEŞLER İNŞAAT TURİZM TEKSTİL SANAYİ VE TİCARET ANONİM ŞİRKETİ,GUNEYDOGU ANADOLU,Malatya,MALATYA HEKIMHAN YOLU SURUR KOYU MEVKII 29. KM.,Malatya,YAZIHAN
30072031,AÇILIM İNŞAAT TİCARET VE SANAYİ LİMİTED ŞİRKETİ  .,GUNEYDOGU ANADOLU,Malatya,RÜSTEM PAŞA MAHALLESİ KAZIM KARABEKİR CADDESİ POLİS KARAKOLU,Elazığ,MERKEZ
30070827,ÖZDEMİRLER PETROL ÜRÜNLERİ SANAYİ VE TİC ARET LİMİTED ŞİRKETİ  .,GUNEYDOGU ANADOLU,Gaziantep,ACAROBA MAHALLESİ ADANA YOLU BULVARI NO:621,Gaziantep,ŞEHİTKAMİL
30070822,TÜRKMEN AKARYAKIT TEKSTİL VE TARIM ÜRÜNL ERİ İNŞAAT NAKLİYAT SANAYİ TİCARET LİMİT ED ŞİRKETİ .,GUNEYDOGU ANADOLU,Gaziantep,SERİNEVLER MAH. HATAY BULVARI NO:371,Gaziantep,İSLAHİYE
30071560,FIRAT UN VE YEM FAB.NAK.GIDA.PAZ.İTH.İHR SAN.TİC.LTD.ŞTİ.,GUNEYDOGU ANADOLU,Malatya,BULGURLU MAH. KANYON CAD. NO:45,Malatya,BATTALGAZİ
30071564,BALAK PETROL OTO İNŞ MALZEMELERİ TURİZM EMLAKÇILIK İNŞ TAAH GIDA TİC LTD ŞTİ  .,AKDENIZ,Adana,YEŞİLOBA MAHALLESİ 46253 SOKAĞI NO:18/B YENİ SANAYIİ SİTESİ,Adana,SEYHAN
30070825,ÇAĞDAŞ TURİZM VE SANAYİ ANONİM ŞİRKETİ   .,GUNEYDOGU ANADOLU,Gaziantep,SANI KONUKOGLU BULV. GATEM GIRISI,Gaziantep,ŞEHİTKAMİL
30070826,HAMDİ KUTLAR OĞULLARI PETROL ÜRÜNLERİ AN ONİM ŞİRKETİ  .,GUNEYDOGU ANADOLU,Gaziantep,HAVAALANI YOLU ÜZERİ 6.KM YEŞİLKENT MEVKİİ,Gaziantep,ŞAHİNBEY
30072756,SARIÇAM AKARYAKIT OTOMOTİV GIDA TARIM HA YVANCILIK İNŞAAT EMLAK NAKLİYAT SANAYİ V E TİCARET LİMİTED ŞİRKETİ .,AKDENIZ,Adana,BURUK İSTİKLAL MAH. BURUK CAD. NO:134/A,Adana,SARIÇAM
30071955,FATİH PETROL SANAYİ VE TİCARET LİMİTED Ş İRKETİ,GUNEYDOGU ANADOLU,Diyarbakır,13 MART MAH. 1/1 SK. NO: 2,Mardin,ARTUKLU
30071145,KONAÇ PETROL ÜRÜNLERİ NAKLİYE İNŞAAT TAAHHÜT TURİZM SANAYİ V,GUNEYDOGU ANADOLU,Diyarbakır,GAP MAH. DİYARBAKIR CAD. ESENTEPE KARŞISI /,Batman,MERKEZ
30072349,KARACA AKARYAKIT OTOMOTİV GIDA İNŞAAT SA NAYİ VE TİCARET LİMİTED ŞİRKETİ  .,AKDENIZ,Adana,ORHANGAZİ MAHALLESİ ATATÜRK CADDESİ NO:294,Adana,YÜREĞİR
30070876,GÜNAYDIN PETROL MOBİLYA İNŞAAT NARENCİYE VE TAŞIMACILIK SANAYİ TİCARET LİMİTED Şİ RKETİ .,AKDENIZ,Mersin,KARGIPINARI BELDESİ CUMHURİYET MAHALLESİ SİLİFKE CADDESİ,İçel,ERDEMLİ
30071052,KIZILAY YEM SANAYİ VE TİCARET ANONİM ŞİRKETİ,GUNEYDOGU ANADOLU,Diyarbakır,DOĞAN MAH. A.RAHMAN KAVAK CAD. NO:79,Siirt,MERKEZ
30074354,NEŞET KUNUR PETROL İNŞAAT NAKLİYAT OTOMOTİV SANAYİ İÇ VE DIŞ TİCARET LİMİTED ŞİRKETİ,GUNEYDOGU ANADOLU,Diyarbakır,OFİS MAHALLESİ İPEK YOLU CAD. PETROL OFİSİ SİT. NO:40,Şırnak,SİLOPİ
30071565,HÜRKAN PETROL ÜRÜNLERİ TİCARET LİMİTED Ş İRKETİ  .,GUNEYDOGU ANADOLU,Gaziantep,SEYRANTEPE MH. 100.YIL CD. NO:39,Gaziantep,ŞEHİTKAMİL
30071809,ÖZGÜR PETROL SANAYİ TİCARET LİMİTED ŞİRK ETİ  .,GUNEYDOGU ANADOLU,Hatay,MUSTAFA KEMAL MH. E SULTAN CD. NO 63,Hatay,MERKEZ
30073033,GAZİKENT PETROL AKARYAKIT VE OTOMOTİV SA NAYİ TİCARET ANONİM ŞİRKETİ,GUNEYDOGU ANADOLU,Gaziantep,KAHRAMANMARAŞ YOLU ÜZERİ 5.KM AKTOPRAK MEVKİİ,Gaziantep,ŞEHİTKAMİL
30072074,BOZAN SARI VE OĞULLARI AKARYAKIT NAKLİYA T TURİZM SEYAHAT İTHALAT İHRACAT TİCARET VE SANAYİ LİMİTED ŞİRKETİ .,GUNEYDOGU ANADOLU,Gaziantep,AKÇAKALE YOLU BUĞDAY BORSASI YANI,Şanlıurfa,MERKEZ
30072407,ERKMAN AYDIN PETROL OTOMOTİV NAKLİYE TUR İZM GIDA TARIM TİCARET VE SANAYİ LİMİTED ŞİRKETİ .,AKDENIZ,Mersin,GÜLLÜK MAH.ATATÜRK BULVARI NO:89,İçel,MUT
30070879,ÜMİT AKARYAKIT SANAYİ VE TİCARET LİMİTED ŞİRKETİ  .,AKDENIZ,Mersin,SARIİBRAHİMLİ MAHALLESİ BAĞCILAR MERSİN-TARSUS D-400 KARAYOL,İçel,TARSUS
30082081,MUSTAFA YILMAZ,GUNEYDOGU ANADOLU,Kahramanmaraş,KARABURUN KÖYÜ KARABURUN KÜME EVLERİ NO:222,Adıyaman,GÖLBAŞI
30083588,ADİL KÖSELER PETROL İNŞAAT KUYUMCULUK GIDA İTHALAT VE İHRACAT TİC. SAN. LTD. ŞTİ.,GUNEYDOGU ANADOLU,Malatya,HEYBET MAH. ELAZIĞ-1 CAD. NO:18,Elazığ,KOVANCILAR
30072172,GÜNDOĞAN PETROL OTOMOTİV NAKLİYE SANAYİ VE TİCARET LİMİTED ŞİRKETİ,GUNEYDOGU ANADOLU,Diyarbakır,ŞANLIURFA YOLU ÜZERİ 1.KM,Diyarbakır,KAYAPINAR
30072343,GÜVELOĞLU İNŞAAT TAAHHÜT TİC.LTD.ŞTİ.   .,GUNEYDOGU ANADOLU,Kahramanmaraş,DERE MAH. ATATÜRK CAD. NO: 8/1,Osmaniye,KADİRLİ
30072217,RAMAZAN TUNÇ   .,AKDENIZ,Mersin,ÇUKUROVA MAHALLESİ AKBELEN BULVARI NO:250,İçel,MERKEZ
30073645,GÜRBÜZLER OTOMOTİV VE PETROL ÜRÜNLERİ SANAYİ VE TİCARET LİMİTED ŞİRKETİ,GUNEYDOGU ANADOLU,Gaziantep,GÜNEYKENT MAHALLESİ ÜNİVERSİTE BULVARI NO:345,Gaziantep,ŞAHİNBEY
30072474,ILPET ILICAKLAR PETROL OTOMOTİV TİCARET VE SANAYİ ANONİM ŞİRKETİ,GUNEYDOGU ANADOLU,Malatya,GÖRGÜ MAHALLESİ ANKARA YOLU CADDESİ NO:80,Malatya,YEŞİLYURT
30074115,REYHANLIOĞLU PETROL TİCARET SANAYİ LİMİT ED ŞİRKETİ,GUNEYDOGU ANADOLU,Kahramanmaraş,ŞAZİ BEY MAH. BATI ÇEVRE YOLU BLV. 2,K.Maraş,ONİKİŞUBAT
30072461,PABUCCU PETROL ÜRÜNLERİ SANAYİ VE TİCARE T LİMİTED,GUNEYDOGU ANADOLU,Gaziantep,BATIKENT MAHALLESİ İPEKYOLU BULVARI NO: 369,Şanlıurfa,EYYÜBİYE
30072461,PABUCCU PETROL ÜRÜNLERİ SANAYİ VE TİCARE T LİMİTED,GUNEYDOGU ANADOLU,Gaziantep,BATIKENT MAHALLESİ İPEKYOLU BULVARI NO: 369,Şanlıurfa,EYYÜBİYE
30072277,ACP PETROL İÇ VE DIŞ TİCARET LİMİTED ŞİR KETİ,GUNEYDOGU ANADOLU,Diyarbakır,CUDİ MAH. MEM U ZİN BLV. NO: 118 İÇ KAPI NO: 1,Şırnak,CİZRE
30071694,ÇUHADARLAR PETROL İNŞAAT TAŞIMACILIK VE TİCARET LİMİTED ŞİRKETİ  .,GUNEYDOGU ANADOLU,Kahramanmaraş,TUFANPAŞA MAH.PROF.DR. AHMET YAYCIOĞLU BLV. NO 2 A,K.Maraş,ANDIRIN
30074517,ASFA PETROL ÜRÜNLERİ OTOMOTİV TAŞIMACILI K SANAYİ VE TİCARET A.Ş  .,AKDENIZ,Adana,YENİ MAH. 87071 SK. A BLOK 3 A,Adana,SEYHAN
30074158,ÖZPET PETROL DENİZCİLİK NAKLİYAT İNŞAAT GIDA TURİZM SANAYİ VE TİCARET LİMİTED Şİ RKETİ .,AKDENIZ,Mersin,KIZKALESİ MAHALLESİ SİLİFKE MERSİN BULVARI NO:21 A,İçel,ERDEMLİ
30071050,BAĞLAR PETROL İNŞAAT SANAYİ VE TİCARET LİMİTED ŞİRKETİ,GUNEYDOGU ANADOLU,Diyarbakır,AYDINLAR YOLU UZERI 1.KM,Siirt,MERKEZ
30070883,BİZİM PETROL OTOMOTİV TEKSTİL DAYANIKLI TÜKETİM MALLARI GIDA SANAYİ VE TİCARET L İMİTED ŞİRKETİ .,AKDENIZ,Mersin,GAZİ MAH. ATATÜRK CAD. N0:227,İçel,TARSUS
30070873,ORAL PETROL SANAYİ VE TİCARET LİMİTED Şİ RKETİ  .,AKDENIZ,Mersin,MERKEZ MAHALLESİ ALPARSLANTÜRKEŞ BULVARI NO:45 D:1,İçel,BOZYAZI
30071886,MERSİN ÜNAL PETROL ÜRÜNLERİ NAKLİYE TURİZM GIDA MEDİKAL SANAYİ VE TİCARET LİMİTED ŞİRKETİ,AKDENIZ,Mersin,YALINAYAK KASABASI GÜNEYKENT KAVŞAĞI NO:2,İçel,MERKEZ
30070630,HIZIROĞULLARI UNLU MAMÜLLER ÜRETİMİ VE P ETROL ÜRÜNLERİ PAZARLAMA DAĞITIM TİCARET LİMİTED ŞİRKETİ .,AKDENIZ,Adana,AKDENİZ MAHALLESİ ATATÜRK BULVARI NO:89,Adana,YUMURTALIK
30072574,YEŞİLSOY AKARYAKIT NAKLİYAT İNŞAAT GIDA DAYANIKLI TÜKETİM MALLARI SANAYİ VE TİCA RET LİMİTED ŞİRKETİ .,AKDENIZ,Adana,YILDIRIM BEYAZIT MAH. KOZAN CAD. NO:751/A,Adana,YÜREĞİR
30070632,RENDA SANAYİ TİCARET VE PAZARLAMA LİMİTE D ŞİRKETİ  .,AKDENIZ,Adana,YEŞİLBAĞLAR MAHALLESİ SÜLEYMAN VAHİT CADDESİ NO:439/B,Adana,YÜREĞİR
30070624,YÜRPET PETROL ÜRÜNLERİ TİCARET LİMİTED Ş İRKETİ  .,AKDENIZ,Adana,GAZİPAŞA MAHALLESİ KARATAŞ BULVARI NO:1051-A,Adana,YÜREĞİR
30072315,ŞAH-PET PETROL ÜRÜNLERİ DEMİR KÖMÜR TİCA RET İTHALAT VE PAZARLAMA LİMİTED ŞİRKETİ,GUNEYDOGU ANADOLU,Hatay,ZAFER MAHALLESİ E-5 KARAYOLU ÜZERİ SARISEKİ,Hatay,İSKENDERUN
30074624,CELAL HALEPLİOĞLU AKARYAKIT TİCARET VE S ANAYİ LİMİTED ŞİRKETİ  .,GUNEYDOGU ANADOLU,Kahramanmaraş,BOĞAZİÇİ MAH REFİK CESUR BULV. 594 A,Osmaniye,DÜZİÇİ
30070880,RAMAZAN TUNÇ   .,AKDENIZ,Mersin,ŞEHİTLER TEPESİ MAHALLESİ 3621. SOKAK NO:1,İçel,TARSUS
30070851,VURAL PETROL TİCARET LİMİTED ŞİRKETİ,GUNEYDOGU ANADOLU,Hatay,HURRIYET MAHALLESI HANEFI SOYLU BULVARI,Hatay,ERZİN
30072249,AS ADANA SEYAHAT TURİZM AKARYAKIT İNŞAAT GIDA TEKSTİL VE SANAYİ TİCARET ANONİM Şİ RKETİ,AKDENIZ,Adana,YEŞİLOBA MAHALLESİ TURHAN CEMAL BERİKER BULVARI NO:644,Adana,SEYHAN
30071152,KADİRBEYOĞLU TURİZM AKARYAKIT NAKLİYAT S ANAYİ VE TİCARET LİMİTED ŞİRKETİ  .,GUNEYDOGU ANADOLU,Hatay,MEHMET RIFAT KAZANCIOĞLU ORG. SAFFER NECİOĞLU BULVARI NO:150,Kilis,MERKEZ
30072981,TATLIER PETROL NAKLİYAT GIDA SANAYİ VE TİCARET LİMİTED ŞİRKETİ,AKDENIZ,Adana,D-400 KARAYOLU ÜZERİ MUSTAFABEYLİ KASABASI,Adana,CEYHAN
30070821,ALİ KÜDÜN - OKPET PETROL   .,GUNEYDOGU ANADOLU,Gaziantep,İSTASYON MAHALLESI SANAYI SITESI E-90 KARAYOLU ÜZERI,Gaziantep,NİZİP
30070819,ALPE TEKSTİL PETROL ÜRÜNLERİ SANAYİ VE T İCARET LİMİTED ŞİRKETİ  .,GUNEYDOGU ANADOLU,Gaziantep,BAŞPINAR MEVKİİ ADANA YOLU ÜZERİ NO:108,Gaziantep,ŞEHİTKAMİL
30070819,ALPE TEKSTİL PETROL ÜRÜNLERİ SANAYİ VE T İCARET LİMİTED ŞİRKETİ  .,GUNEYDOGU ANADOLU,Gaziantep,BAŞPINAR MEVKİİ ADANA YOLU ÜZERİ NO:108,Gaziantep,ŞEHİTKAMİL
30070828,İBRAHİM ERÖZCAN,GUNEYDOGU ANADOLU,Gaziantep,ŞERİF PERİ MAH. ÇEVRE YOLU CAD. NO:131/A,Gaziantep,ARABAN
30073418,CANSAN TARIM MAKİNALARI MOTORLU ARAÇLAR İMALAT PAZARLAMA SANAYİ VE TİCARET LİMİT ED ŞİRKETİ .,AKDENIZ,Adana,E-5 KARAYOLU ÜZERİ BÜYÜKMANGIT,Adana,CEYHAN
30070793,GÜLDOĞAN PETROL OTOMOTİV VE TEKSTİL TİCA RET SANAYİ LİMİTED ŞİRKETİ,GUNEYDOGU ANADOLU,Diyarbakır,SANAYI MAHALLESI DIYARBAKIR CADDESİ NO:69,Diyarbakır,ERGANİ
30070963,GÜNEYDOĞU PETROL ÜRÜNLERİ VE TURİZM HİZM ETLERİ ANONİM ŞİRKETİ,GUNEYDOGU ANADOLU,Malatya,KARAKAVAK MAHALLESİ TURGUT ÖZAL BULVARI NO:97/1A,Malatya,YEŞİLYURT
30072108,YENİHALLER PETROL SANAYİ VE TİCARET LİMİ TED ŞİRKETİ  .,GUNEYDOGU ANADOLU,Malatya,KIZILAY MAH. K.KARABEKİR CAD. NO:105,Elazığ,MERKEZ
30070792,PINAR PETROL İNŞAAT TURİZM VE TİCARET Lİ MİTED ŞİRKETİ,GUNEYDOGU ANADOLU,Diyarbakır,MEHMET AKİF ERSOY CADDESİ ALİPINAR KÖPRÜSÜ BİTİŞİĞİ PROTOKOL,Diyarbakır,MERKEZ
30085672,CANBEKLER PETROL İNŞAAT TAAHHÜT GIDA TARIM VE HAYVANCILIK SANAYİ TİCARET LİMİTED ŞİRKETİ,GUNEYDOGU ANADOLU,Malatya,ALACAKAPI MAH. SELAHATTIN GÜRKAN CAD. NO: 74,Malatya,BATTALGAZİ
30070813,MER-SA PETROL MADENCİLİK İNŞAAT VE SU ÜR ÜNLERİ PAZARLAMA İMALAT İTHALAT İHRACAT SANAYİ VE TİCARET LİMİTED ŞİRKETİ .,GUNEYDOGU ANADOLU,Malatya,KIRKPINAR MH. ATATÜRK CD:131,Elazığ,KARAKOÇAN
30070811,AKİDE AKARYAKIT İNŞ. TAAH. MÜH. DAY. TÜK . MALL. TURİZM MAD. GIDA TEMİZLİK TİCARE T VE SANAYİ LİMİTED ŞİRKETİ,GUNEYDOGU ANADOLU,Malatya,MALATYA YOLU 4.KM.,Elazığ,MERKEZ
30070809,ŞAHİNLER İNŞAAT TİCARET VE SANAYİ LİMİTE D ŞİRKETİ  .,GUNEYDOGU ANADOLU,Malatya,YEŞİLYURT MAH. DİYARBAKIR CAD. NO:1,Elazığ,MERKEZ
30070814,ZÜLKÜF ÇOBANOĞLU,GUNEYDOGU ANADOLU,Malatya,ELAZIG BINGOL KARAYOLU 50.KM,Elazığ,KOVANCILAR
30070882,ER-ÇAĞ İNŞAAT ENERJİ TURİZM SANAYİ VE TİCARET ANONİM ŞİRKETİ,AKDENIZ,Mersin,TEKMEN KASABASI LİMANAĞZI MAHALLESİ,İçel,BOZYAZI
30070628,YUSUF BAYSAL OTOMOTİV SANAYİ VE TİCARET ANONİM ŞİRKETİ  .,AKDENIZ,Adana,ŞEVKİYE MAHALLESİ ADANA CADDESİ NO:541,Adana,KOZAN
30075274,KUSCUOGLU MADENI YAG PETROL NAK.INS.GIDA SAN.VE TIC. LTD.STI,GUNEYDOGU ANADOLU,Kahramanmaraş,ŞEHİT KANSU KÜÇÜKATEŞ MAHALLESİ KAMİL KARA NO:23 OSMANIYE  O,Osmaniye,KADİRLİ
30072294,BEYGÖL PETROL YAKIT NAKLİYAT TARIM PAZAR LAMA OTOMOTİV SANAYİ TİCARET LİMİTED ŞİR KETİ .,GUNEYDOGU ANADOLU,Kahramanmaraş,NARLI KASABASI KARAÇAY YOL AYRIMI,K.Maraş,PAZARCIK
30070806,HACI TEMUR   .,GUNEYDOGU ANADOLU,Malatya,DEĞİRMENBAŞI MAHALLESİ ELAZIĞ CADDESİ NO:1,Elazığ,KEBAN
30072032,ŞAHNAR PETROL MADENCİLİK TİCARET VE SANA Yİ LİMİTED ŞİRKETİ,GUNEYDOGU ANADOLU,Malatya,ELAZIĞ-BİNGÖL YOLU 26.KM.ELMAPINAR KÖYÜ,Elazığ,MERKEZ
30072194,MER-SA PETROL MADENCİLİK İNŞAAT VE SU ÜR ÜNLERİ PAZARLAMA İMALAT İTHALAT İHRACAT SANAYİ VE TİCARET LİMİTED ŞİRKETİ .,GUNEYDOGU ANADOLU,Malatya,YENIKOY BUGDAYTEPE MEVKII NO:1,Elazığ,KARAKOÇAN
30072933,SİVEREK PETROL ÜRÜNLERİ İNŞAAT NAKLİYAT TARIM TURİZM SANAYİ VE TİCARET LİMİTED Ş İRKETİ .,GUNEYDOGU ANADOLU,Gaziantep,AYVANAT MAHALLESİ SELAHADDİN-İ EYYUBİ BULVARI NO:1,Şanlıurfa,SİVEREK
30072093,GÜVENPET PETROL ÜRÜNLERİ SANAYİ VE TİCAR ET LİMİTED ŞİRKETİ  .,GUNEYDOGU ANADOLU,Malatya,DİLEK KASABASI İSTASYON MAH. SELEME CAD. NO:8,Malatya,MERKEZ
30070626,ABEŞ ULUSLARARASI NAKLİYAT VE TİCARET AN ONİM ŞİRKETİ  .,GUNEYDOGU ANADOLU,Kahramanmaraş,AKYAR KÖYÜ BAĞKUR MEVKİİ KÖY SOKAĞI NO:71,Osmaniye,MERKEZ
30070633,MISTIK USTA TURİZM AKARYAKIT TİCARET SAN AYİ LİMİTED ŞİRKETİ  .,GUNEYDOGU ANADOLU,Kahramanmaraş,ASLANLI MAH. D/400 KARAYOLU SK. NO:4,Osmaniye,BAHÇE
30071153,BAYRAM KAYA,GUNEYDOGU ANADOLU,Hatay,HİSAR KÖYÜ ÇINAR MEVKİİ,Kilis,MUSABEYLİ
30070820,BOZDOĞANLAR PETROL ÜRÜNLERİ NAKLİYAT TİC ARET VE PAZARLAMA LİMİTED ŞİRKETİ,GUNEYDOGU ANADOLU,Gaziantep,IKIZKUYU KOYU MEV.,Gaziantep,OĞUZELİ
30070824,ÇINAR TARIM ÜRÜNLERİ AKARYAKIT SANAYİ VE TİCARET LİMİTED ŞİRKETİ,GUNEYDOGU ANADOLU,Gaziantep,İSTASYON MAHALLESI E-90 KARAYOLU ÜZERI GAZIANTEP YÖNÜ BULVAR,Gaziantep,NİZİP
30070832,M. SAİT ATEŞ   .,GUNEYDOGU ANADOLU,Gaziantep,FATİH MAHALLESİ BARAK CADDESİ SANAYİ SİTESİ KARŞISI,Gaziantep,OĞUZELİ
30073810,ER CAM TİCARET VE SANAYİ LİMİTED ŞİRKETİ,GUNEYDOGU ANADOLU,Hatay,7 ARALIK MAHALLESİ NEŞET TOPALOĞLU CADDESİ NO:25,Kilis,MERKEZ
30088773,DUMAN PETROL NAK. SAN. VE TİC. A.Ş.,AKDENIZ,Mersin,GAZI MAHALLESI INÖNÜ BULVARI NO:189/A,İçel,AKDENİZ
30075752,FLK AGRO GIDA VE PETROL ÜRÜNLERİ SANAYİ TİCARET LİMİTED ŞİRKETİ,GUNEYDOGU ANADOLU,Gaziantep,İSTASYON MAH. CUMHURİYET CAD. NO: 74 İÇ KAPI NO: A GAZIANTEP,Gaziantep,NİZİP
30073004,BOZKURT AKARYAKIT SANAYİ TİCARET LİMİTED ŞİRKETİ  .,GUNEYDOGU ANADOLU,Kahramanmaraş,YUNUS EMRE MAH. İSKENDER TÜRKMEN CAD. NO:300/A,Osmaniye,MERKEZ
30070987,SERMET ÇUHADAR ÜNGÜT PETROL,GUNEYDOGU ANADOLU,Kahramanmaraş,ÜNGÜT MAHALLESİ HANEFİ MAHÇİÇEK BULVARI NO:237,K.Maraş,MERKEZ
30073536,AHMET YAYCIOĞLU İNŞAAT PETROL DOĞALGAZ T AAHHÜT SANAYİ VE TİCARET LİMİTED ŞİRKETİ,GUNEYDOGU ANADOLU,Kahramanmaraş,YENİ MAHALLE HÜKÜMET CADDESİ,K.Maraş,ANDIRIN
30071154,7 MART PETROL ÜRÜNLERİ TİCARET PAZARLAMA LİMİTED ŞİRKETİ  .,GUNEYDOGU ANADOLU,Kahramanmaraş,7 MART MAHALLESI ANDIRIN CADDESİ NO:149,Osmaniye,KADİRLİ
30071593,İLKA AKARYAKIT ÜRÜNLERİ İNŞAAT MADENCİLİ K SANAYİ VE TİCARET LİMİTED ŞİRKETİ,GUNEYDOGU ANADOLU,Diyarbakır,ÇUKUR MAHALLESİ DİYARBAKIR CADDESİ NO:120,Diyarbakır,ÇERMİK
30071784,ÇİĞDEM PETROL LPG TARIM ÜRÜNLERİ SANAYİ TİCARET LİMİTED ŞİRKETİ,GUNEYDOGU ANADOLU,Kahramanmaraş,S.VEDAT KOCADALLI MAHALLESİ DR DEVLET BAHÇELİ BULVARI NO:128,Osmaniye,KADİRLİ
30072914,NİZAMOĞLU TARIM ÜRÜNLERİ PETROL TEKSTİL NAKLİYE SANAYİ VE TİCARET LİMİTED ŞİRKET İ .,GUNEYDOGU ANADOLU,Kahramanmaraş,OSMANİYE YOLU ÜZERİ KÜMBET KÖYÜ MEVKİİ,Osmaniye,KADİRLİ
30072296,GIYASETTİN KOÇ PETROL TEKSTİL İNŞAAT VE MALZEMELERİ TAAHHÜT NAKLİYE MADENCİLİK G IDA SAĞLIK TURİZM ÜRETİM PAZARLAMA SANAY .,GUNEYDOGU ANADOLU,Malatya,BAHÇELİEVLER MAH. PALU CAD. NO:86,Elazığ,KOVANCILAR
30070852,GARİP AĞBAŞ   .,GUNEYDOGU ANADOLU,Hatay,GOKMEYDAN BELDESI ARSUZ BUCAGI,Hatay,İSKENDERUN
30072515,YENİ BİRLİK PETROL ÜRÜNLERİ SANAYİ VE Tİ CARET LİMİTED ŞİRKETİ,AKDENIZ,Adana,HÜRRİYET MAH. 850 SOK. BAHADIRLAR PETROL NO:28 İÇ KAPI NO:2,Adana,İMAMOĞLU
30072110,DİYAP GÖKPINAR,GUNEYDOGU ANADOLU,Hatay,ÇINAR MAH.,Hatay,İSKENDERUN
30070966,YENİ YILDIRIM PETROL NAKLİYAT İNŞ. GIDA VE TEKSTİL SANAYİ İTHALAT İHRACAT TİCARE T LİMİTED ŞİRKETİ .,GUNEYDOGU ANADOLU,Malatya,SUNGUR MAHALLESİ ANKARA ASFALTI ÜZERİ DARENDE GIRISI,Malatya,DARENDE
30071953,SAMİ KARACA   .,GUNEYDOGU ANADOLU,Malatya,BAHÇELİEVLER MAH. KARŞIYAKA SOK. NO:90,Elazığ,MADEN
30070853,AKER NAKLİYAT TİCARET LİMİTED ŞİRKETİ   .,GUNEYDOGU ANADOLU,Hatay,HÜRRİYET MAH. HÜRRİYET KÜME EVLERİ NO:243,Hatay,ERZİN
30073914,EMİRPET İNŞAAT VE TİCARET ANONİM ŞİRKETİ   .,GUNEYDOGU ANADOLU,Malatya,BAĞLAR MAH. ELAZIĞ-6 CD. 120/2,Elazığ,KOVANCILAR
30071747,AYDINLAR İNŞAAT GIDA SANAYİ VE TİCARET L İMİTED ŞİRKETİ  .,GUNEYDOGU ANADOLU,Malatya,ELAZIĞ CD. GEZİN BELDESİ GÖL ÖNÜ MH,Elazığ,MERKEZ
30070636,KOZAN KANTAR NAKLİYAT İNŞAAT VE TAAHHÜT İŞLERİ TARIM GÜBRE VE PETROL ÜRÜNLERİ Tİ CARET LİMİTED ŞİRKETİ .,AKDENIZ,Adana,TUFANPAŞA MAHALLESİ ANDIL CADDESİ NO:64,Adana,KOZAN
30070848,ALKAN PETROL SANAYİ VE TİCARET LİMİTED Ş İRKETİ  .,GUNEYDOGU ANADOLU,Hatay,MADENLİ MAH. PR.DR.İSKENDER SAYEK CAD. NO: 211 İÇ KAPI NO: 1,Hatay,ARSUZ
30071781,ÖZATEŞ PETROL TEKSTİL TARIM İNŞAAT MÜHEN DİSLİK NAKLİYE SANAYİ VE TİCARET LİMİTED ŞİRKETİ,GUNEYDOGU ANADOLU,Diyarbakır,SİLVAN YOLU 3. KM.,Diyarbakır,MERKEZ
30072091,BAYRAK PETROLCÜLÜK İNŞAAT HİZMET TİCARET VE SANAYİ LİMİTED ŞİRKETİ,GUNEYDOGU ANADOLU,Gaziantep,BAĞLAR MAHALLESI DIYARBAKIR CADDESI NO:80 134,Şanlıurfa,HİLVAN
30070874,UĞUR AKIN,AKDENIZ,Mersin,TARSUS CAD.NO:112/B,İçel,ÇAMLIYAYLA
30070956,İBRAHİM KARAOĞLAN   .,GUNEYDOGU ANADOLU,Malatya,YENİ MAHALLESİ SİVAS CADDESİ NO:18,Malatya,YAZIHAN
30071107,AVŞAROĞLU KOLLEKTİF ŞTİ. CUMALİ BUCAK VE ORTAKLARI  .,GUNEYDOGU ANADOLU,Gaziantep,İPEKYOL İPEKYOLU BULVARI NO:2//1 İÇ KAPI NO:1,Şanlıurfa,HALİLİYE
30072369,NEKA AKARYAKIT OTOMOTİV GIDA MOBİLYA İNŞ AAT NAKLİYAT SANAYİ TİCARET LİMİTED ŞİRK ETİ .,AKDENIZ,Adana,ATAKENT MAH. GİRNE BLV. NO: 227,Adana,YÜREĞİR
30071118,ABDULCEVAT AKAN   .,GUNEYDOGU ANADOLU,Gaziantep,ADANA MH. VİRANŞEHİR CD.,Şanlıurfa,CEYLANPINAR
30072717,AKKUŞLAR PETROL TEKSTİL İNŞAAT GIDA İTHA LAT İHRACAT SANAYİ TİCARET LİMİTED ŞİRKE Tİ .,GUNEYDOGU ANADOLU,Malatya,MALATYA ELAZIĞ YOLU 32.KM ERENLİ BELEDİYESİ,Malatya,MERKEZ
30073007,DURMAZLAR PETROL GIDA TARIM NAKLİYATÇILI K İNŞAAT VE TAAHHÜT SANAYİ VE TİCARET Lİ MİTED ŞİRKETİ,GUNEYDOGU ANADOLU,Malatya,MALATYA KAYSERİ YOLU 44.KM SARIHACI KÖYÜ,Malatya,AKÇADAĞ
30082227,SİNAN ATEŞ PETROL İTHALAT İHRACAT SANAYİ VE TİCARET LİMİTED ŞİRKETİ,GUNEYDOGU ANADOLU,Malatya,ELAZIĞ-BINGÖL YOLU 80.KM. BAŞYURT KÖYÜ NO:20,Elazığ,KARAKOÇAN
30072425,UĞUROĞULLARI PETROL TAR İNŞ OTO NAK İMAL AT SAN VE TİC LTD ŞTİ,GUNEYDOGU ANADOLU,Kahramanmaraş,MEHMETLİ BELDESİ CUMHURİYET MAHALLESİ ÇATALÇEKME MEVKİİ REŞA,Osmaniye,SUMBAS
30072140,YENİŞEHİR AKARYAKIT SANAYİ VE TİCARET Lİ MİTED ŞİRKETİ,GUNEYDOGU ANADOLU,Hatay,YENİŞEHİR MAH.CİLVEGÖZÜ YOLU ÜZERİ,Hatay,REYHANLI
30071049,AHMET DAYAN,GUNEYDOGU ANADOLU,Diyarbakır,BATMAN YOLU UZERI,Siirt,KURTALAN
30070988,ÖZGE NAKLİYAT PETROL VE PETROL ÜRÜNLERİ MADENCİLİK TİCARET LİMİTED ŞİRKETİ,GUNEYDOGU ANADOLU,Kahramanmaraş,K.MARAŞ KAYSERİ YOLU ÜZERİ 4.KM,K.Maraş,MERKEZ
30071051,TAHİR EŞİN,GUNEYDOGU ANADOLU,Diyarbakır,FATİH MAH. ŞIRNAK YOLU ÜZERİ NO:122,Siirt,ERUH
30070789,TÜRE PETROL ÜRÜNLERİ NAKLİYAT TARIM İNŞA AT TEM.HİZ.TAAH.SAN. VE TİC.LTD.ŞTİ.,GUNEYDOGU ANADOLU,Diyarbakır,SİLVAN YOLU ÜZERİ BÖLGE TRAFİK YANI,Diyarbakır,MERKEZ
30082080,MEHMET YENİHAL,GUNEYDOGU ANADOLU,Malatya,CANBEYLER MAH.ELAZIĞ CAD. NO:111,Elazığ,BASKİL
30070790,İNTİM İNŞAAT TİCARET MÜŞAVİRLİK LİMİTED ŞİRKETİ,GUNEYDOGU ANADOLU,Diyarbakır,DÖKMETAŞ MAHALLESİ ELAZIĞ CADDESİ NO:366,Diyarbakır,YENİŞEHİR
30070629,İÇME PETROL TARIM ORMAN GIDA OTO NAKLİYAT TAAHHÜT SANAYİ VE TİCARET LİMİTED ŞİRKETİ,AKDENIZ,Adana,FATİH MAHALLESİ ŞARŞAR MEVKİİ,Adana,SAİMBEYLİ
30071442,KUŞÇU PETROL ÜRÜNLERİ DAYANIKLI TÜK. MAL . İNŞ. VE İN. MAL. OT. GID. TOP. MAH. OR . ÜR. CAN. HAY. AL. SAT. MAD. İŞL. TUR. .,AKDENIZ,Adana,KARAPINAR MAHALLESİ TURGUT ÖZAL BULVARI NO:1/A,Adana,KARAİSALI
30073601,BURHAN ÇAĞDAŞ AKARYAKIT NAKLİYAT İNŞAAT GIDA TİCARET VE SANAYİ ANONİM ŞİRKETİ  .,GUNEYDOGU ANADOLU,Gaziantep,BATIKENT MAHALLESİ MUHSİN YAZICIOĞLU CADDESİ NO:10,Gaziantep,ŞEHİTKAMİL
30073601,BURHAN ÇAĞDAŞ AKARYAKIT NAKLİYAT İNŞAAT GIDA TİCARET VE SANAYİ ANONİM ŞİRKETİ  .,GUNEYDOGU ANADOLU,Gaziantep,BATIKENT MAHALLESİ MUHSİN YAZICIOĞLU CADDESİ NO:10,Gaziantep,ŞEHİTKAMİL
30070634,EROĞLU PETROL TİCARET VE SANAYİ LİMİTED ŞİRKETİ  .,AKDENIZ,Mersin,İSTİKLAL MAHALLESİ D 750 CADDESİ NO:13,Adana,POZANTI
30070639,PAÇÇILAR TÜP AKARYAKIT NAKLİYAT TURİZM T EKSTİL TEMİZLİK GIDA SANAYİ VE TİCARET L İMİTED ŞİRKETİ .,GUNEYDOGU ANADOLU,Kahramanmaraş,ERDEMOĞLU MAHALLESİ ARİFAĞAOĞLU BULVARI NO:67,Adıyaman,BESNİ
30074304,MİKDAT PEKER,GUNEYDOGU ANADOLU,Diyarbakır,ARPADERESİ MAH. ARPADERESİ KÜME EVLERİ NO:42,Diyarbakır,SUR
30071495,VMT PETROL AKARYAKIT İNŞAAT GIDA SAĞLIK TAAHHÜT SANAYİ VE TİCARET LİMİTED ŞİRKET İ,GUNEYDOGU ANADOLU,Hatay,KILIS-ISLAHIYE YOLU 5.KM POLATELI KAVŞAĞI CADDESİ NO. 4 KUZU,Kilis,MERKEZ
30070831,DELİPALTA TARIM ÜRÜNLERİ AKARYAKIT SANAY İ TİCARET LİMİTED ŞİRKETİ  .,GUNEYDOGU ANADOLU,Gaziantep,FATIH SULTAN BUL. NO:65,Gaziantep,NİZİP
30070962,ÖZ AKELLER PETROL OTOMOTİV NAKLİYAT İNŞA AT MARKET TİCARET VE SANAYİ LİMİTED ŞİRK ETİ,GUNEYDOGU ANADOLU,Malatya,HATUNSUYU MAH. MALATYA CAD,Malatya,BATTALGAZİ
30074673,HAMİT KAPLAN PETROL GIDA TARIM ÜRÜNLERİ SANAYİ VE TİCARET LİMİTED ŞİRKETİ,GUNEYDOGU ANADOLU,Malatya,ESENBEY MAH. MERKEZ SOKAK NO:29,Malatya,AKÇADAĞ
30072607,AHMET YAYCIOĞLU İNŞAAT PETROL DOĞALGAZ T AAHHÜT SAN VE TİC LTD ŞTİ,GUNEYDOGU ANADOLU,Kahramanmaraş,YENİ MAHALLE ATATÜRK CAD. NO:37 YEŞİLOVA,K.Maraş,ANDIRIN
30072535,BİLGİN TRAKTÖR VE ZİRAAT MAKİNELERİ LİMİ TED ŞİRKETİ  .,GUNEYDOGU ANADOLU,Gaziantep,KARŞIYAKA MAHALLESİ ESKİ NİZİP YOLU CADDESİ NO:88,Şanlıurfa,BİRECİK
30071108,MELİK PETROL OTOMOTİV GÜBRE İNŞAAT SANAY İ VE TİCARET LİMİTED ŞİRKETİ,GUNEYDOGU ANADOLU,Gaziantep,ŞANLIURFA AKÇAKALE YOLU ÜZERI 13. KM,Şanlıurfa,MERKEZ
30071109,ABAN PETROLCÜLÜK TARIM ÜRÜNLERİ NAKLİYAT TURİZM SANAYİ VE TİCARET LİMİTED ŞİRKETİ,GUNEYDOGU ANADOLU,Gaziantep,KIRLIK KÖYÜ MEVKİİ,Şanlıurfa,VİRANŞEHİR
30075467,NSB TAAHHÜT İNŞAAT SANAYİ VE TİCARET A.Ş .,GUNEYDOGU ANADOLU,Gaziantep,BÜYÜK KARGILI MAHALLESI NO:210/1 ŞANLIURFA BOZOVA YOLU SANLI,Şanlıurfa,KARAKÖPRÜ
30074442,MEHMET ALİ YAVUZ TRAKTÖR PETROL İNŞAAT S ANAYİ VE TİCARET LİMİTED ŞİRKETİ,GUNEYDOGU ANADOLU,Gaziantep,MEYDAN MAH. HASTANE CAD. NO:106,Şanlıurfa,BİRECİK
30071788,VAW YAPI İNŞAAT SANAYİ VE TİCARET LİMİTE D ŞİRKETİ  .,GUNEYDOGU ANADOLU,Gaziantep,SIRRIN YOLU CAMII KARŞISI,Şanlıurfa,MERKEZ
30071146,IŞIK PETROL İNŞAAT NAKLİYAT TAAHHÜT SANA Yİ VE TİCARET LİMİTED ŞİRKETİ,GUNEYDOGU ANADOLU,Diyarbakır,YAYLATEPE MAH CUMHURİYET CAD NO:73/1,Batman,SASON
30071147,MEHMET YUSUF PAKSOY,GUNEYDOGU ANADOLU,Diyarbakır,BAĞLICA KÖYÜ,Şırnak,ULUDERE
30071952,ALP PETROL ÜRÜNLERİ VE TİCARET LİMİTED Ş İRKETİ  .,GUNEYDOGU ANADOLU,Diyarbakır,ÇERMİK İSTASYON YOL KAVŞAĞI,Diyarbakır,ERGANİ
30074784,KAHRAMANLAR PETROL NAKLİYAT İNŞAAT GIDA SANAYİ VE TİCARET LİMİTED ŞİRKETİ,GUNEYDOGU ANADOLU,Diyarbakır,TURGUT ÖZAL MAH. MİDYAT CAD. PETROL OFİSİ NO : 1,Şırnak,İDİL
30073193,CANCI AKARYAKIT TİCARET VE SANAYİ LİMİTE D ŞİRKETİ  .,GUNEYDOGU ANADOLU,Hatay,GÜLTEPE MAHALLESİ ERTUĞRUL GAZİ CADDESİ NO: 20,Hatay,REYHANLI
30074171,ÇAĞATAY HAPPANİ - HAPPANİ PETROL,GUNEYDOGU ANADOLU,Hatay,CUMHURİYET MAH. ATATÜRK BULV. NO:31,Kilis,MUSABEYLİ
30073940,YÜKSEK İNŞAAT MÜHENDİSLİK MADEN.ÜRE. PAZ SAN.VE TİC.LTD.ŞTİ.  .,GUNEYDOGU ANADOLU,Malatya,ELAZIĞ-BİNGÖL YOLU 20. KM ÇAĞLAR KÖYÜ BAĞALTI MEVKİİ,Elazığ,MERKEZ
30074330,BAYSALMAN PETROL TAŞİNŞ.VE SAN.LTD.ŞTİ.,GUNEYDOGU ANADOLU,Gaziantep,YAKACIK MAH. YAKACIK SK. NO:216/A,Gaziantep,OĞUZELİ
30070884,AĞAÇLI TURİZM VE TİCARET ANONİM ŞİRKETİ   .,AKDENIZ,Mersin,YANIŞLI KÖYÜ,İçel,GÜLNAR
30070631,SEFER ÜNVER   .,AKDENIZ,Adana,KEMALİYE MAHALLESİ ATATÜRK BULVARI ÜZERİ,Adana,KARATAŞ
30074072,ALİŞEROĞLU AKDENİZ PETROL VE PETROL ÜRÜN LERİ NAKLİYE GIDA İNŞAAT TURİZM ANONİM Ş İRKETİ,GUNEYDOGU ANADOLU,Hatay,HÜRRİYET MAH. HÜRRİYET KÜME EVLERİ KM. EVL. 101,Hatay,ERZİN
30072840,HABUR PETROL SANAYİİ İÇ VE DIŞ TİCARET L İMİTED ŞİRKETİ,GUNEYDOGU ANADOLU,Diyarbakır,YENİ MAHALLE CİZRE CADDESİ NO:183,Şırnak,MERKEZ
30072900,MAFE POLATLAR İNŞAAT GIDA PETROL KUYUMCU LUK TEKSTİL SANAYİ TİCARET LİMİTED ŞİRKE Tİ .,GUNEYDOGU ANADOLU,Malatya,SÜRSÜRÜ MAH. MALATYA CAD. NO:9,Elazığ,MERKEZ
30072937,KİMAŞ AKARYAKIT DİNLENME TESİS İNŞAAT TA AHHÜT MOBİLYACILIK TEKSTİL ÜRÜNLERİ NAKL İYECİLİK VE TİCARET LİMİTED ŞİRKETİ .,GUNEYDOGU ANADOLU,Hatay,PROFESÖR MUAMMER AKSOY CADDESİ OTOGAR KAVŞAĞI,Hatay,İSKENDERUN
30072926,AKMETAL MADENCİLİK SANAYİ VE TİCARET ANO NİM ŞİRKETİ,AKDENIZ,Adana,SİNANPAŞA MAH. AŞAĞI ZAMBIL KÜME EVLERİ NO:27,Adana,ALADAĞ
30072982,İŞPET GIDA AKARYAKIT İNŞAAT NAKLİYE TURİ ZM SANAYİ VE TİCARET LİMİTED ŞİRKETİ,GUNEYDOGU ANADOLU,Diyarbakır,YUNUS EMRE MAH. CUMHURİYET BULVARI NO:48/A,Mardin,MİDYAT
30073173,FORPET AKARYAKIT LOJİSTİK DAYANIKLI TÜKE TİM MALLARI GIDA HAYVANCILIK TİCARET VE SANAYİ LİMİTED ŞİRKETİ .,AKDENIZ,Mersin,KURDALI MAH. OKAN MERZECİ BULVARI NO:155,İçel,TOROSLAR
30073174,NEFİS UN GIDA PETROL NAKLİYAT İNŞAAT TAA HHÜT OTOMOTİV TİCARET VE SANAYİ LİMİTED ŞİRKETİ .,AKDENIZ,Mersin,KURDALİ MAH. O. MERZECİ BUL. ÇİFTÇİLER CAD. NO: 124,İçel,MERKEZ
30073220,PARK MİRKELAM PETROL TURİZM TİCARET A.Ş.,GUNEYDOGU ANADOLU,Gaziantep,GAZİANTEP-ŞANLIURFA OTOBAN YOLU ÜZERİ 69.KM (GÜNEY),Şanlıurfa,BİRECİK
30073219,PARK MİRKELAM PETROL TURİZM TİCARET A.Ş.,GUNEYDOGU ANADOLU,Gaziantep,GAZİANTEP-ŞANLIURFA OTOBAN YOLU ÜZERİ 69.KM (KUZEY),Şanlıurfa,BİRECİK
30071177,ALİ ÖZER PETROL TARIM OTOMOTİV İNŞAAT GI DA EMLAK HAYVANCILIK ENERJİ NAKLİYAT SAN AYİ T .,GUNEYDOGU ANADOLU,Kahramanmaraş,ŞEHIT HALIS ŞIŞMAN MAHALLESI KAMIL KARA BULVARI NO:24/A-B BI,Osmaniye,KADİRLİ
30073281,ÇOBANOĞLU İNŞAAT VE İNŞ.MALZ.NAKLİYE MAD.ÜRT.PAZ.SAN.TİC.LTD.ŞTİ,GUNEYDOGU ANADOLU,Malatya,GÜMÜŞKAVAK MAH. CAHİT DALOKAY CAD.NO:42,Elazığ,MERKEZ
30073285,KAYAPINAR AKARYAKIT İNŞAAT NAKLİYE TURİZ M SANAYİ VE TİCARET LİMİTED ŞİRKETİ,GUNEYDOGU ANADOLU,Diyarbakır,PEYAS MAH. FIRAT BULVARI NO:79,Diyarbakır,KAYAPINAR
30073477,GAZİKENT PETROL AKARYAKIT VE OTOMOTİV SA NAYİ VE TİCARET ANONİM ŞİRKETİ  .,GUNEYDOGU ANADOLU,Gaziantep,SANAYİ MAH. 60095 CAD. NO:37,Gaziantep,ŞEHİTKAMİL
30073886,AZRA AKARYAKIT ÜRÜNLERİ VE SANAYİ TİCARE T LİMİTED ŞİRKETİ  .,GUNEYDOGU ANADOLU,Diyarbakır,BAĞCILAR MAHALLESİ URFA BULVARI NO:119,Diyarbakır,BAĞLAR
30073603,TUNÇ FİDAN PETROL TURİZM GAYRİMENKUL İNŞ AAT TARIM İTHALAT İHRACAT SANAYİ VE TİCA RET LİMİTED ŞİRKETİ,GUNEYDOGU ANADOLU,Diyarbakır,BAĞCILAR MAHALLESİ MEHMET UZUN CADDESİ NO:23,Diyarbakır,BAĞLAR
30070797,BEYBAĞLI PETROL SANAYİ VE TİCARET LİMİTE D ŞİRKETİ,GUNEYDOGU ANADOLU,Diyarbakır,GÜLTEPE MAHALLESİ TPAO BULVARI AHMET FURKAN AKARYAKIT NO:320,Batman,MERKEZ
30088185,ÖZAYDIN PETROL ÜRÜNLERİ OTOMOTİV İNŞAAT NAKLİYAT SAN. VE TİC.LTD.ŞTİ.,GUNEYDOGU ANADOLU,Diyarbakır,NUR MAH. 79 CADDE NO:2,Mardin,ARTUKLU
30073625,POZANTI PETROL İTHALAT İHRACAT SANAYİ VE TİCARET LİMİTED ŞİRKETİ  .,AKDENIZ,Mersin,ALPU MAHALLESİ ÖZKÜME EVLERİ BULVARI NO:6,Adana,POZANTI
30073626,POZANTI PETROL İTHALAT İHRACAT SANAYİ VE TİCARET LİMİTED ŞİRKETİ  .,AKDENIZ,Mersin,ALPU MAHALLESİ ÖZKÜME EVLERİ BULVARI NO:1,Adana,POZANTI
30073749,ÜÇLER MÜHENDİSLİK İNŞ. MÜT. EMLAK OTO AL IM SATIMI KOM.TUR. NAK. AKAR.İSTASYON İŞ LET. GİYİM DERİ ORMAN TARIM SAN. ÜRÜN. T .,GUNEYDOGU ANADOLU,Hatay,ÇİĞDEDE MAH. SİVAS ŞEHİTLERİ CAD. NO:191,Hatay,SAMANDAĞ
30073804,ESKİGÜNLER TARIM AKARYAKIT İTHALAT İHRAC AT SANAYİ VE TİCARET LİMİTED ŞİRKETİ  .,GUNEYDOGU ANADOLU,Kahramanmaraş,B.SAĞIR MAH.BÜYÜKPINAR MEVKİİ,K.Maraş,PAZARCIK
30073869,HASAN YILMAZ   .,AKDENIZ,Mersin,TURGUTREİS MAHALLESİ İSTİKLAL CADDESİ NO:153/A,İçel,AKDENİZ
30071525,BRENT PETROL ANONİM ŞİRKETİ,AKDENIZ,Mersin,FEVZİPAŞA MAH. TURHAN CEMAL BERİKER BUL. NO:314 İÇ KAPI NO:,Adana,SEYHAN
30073902,İZPET PETROL İNŞAAT NAKLİYAT SANAYİ VE TİCARET LİMİTED ŞİRKETİ,GUNEYDOGU ANADOLU,Gaziantep,YASLICA MAH. ŞANLIURFA ADIYAMAN CAD. 99 1,Şanlıurfa,BOZOVA
30083000,MUGAN AKARYAKIT ULUSLARARASI TAŞIMACILIK SANAYİ VE TİCARET LİMİTED ŞİRKETİ,AKDENIZ,Mersin,YARBAYŞEMSETTİN MAH.ANKARA BULVARI NO:162/A,İçel,TARSUS
30074830,GZN PETROL ÜRÜNLERİİNŞ.NAK.OTO.TAR.ÜRÜ.T İC.LTD.ŞTİ.  .,AKDENIZ,Adana,CUMHURİYET MAHALLESİ SAİMBEYLİ CADDESİ NO:98/1,Adana,TUFANBEYLİ
30073968,TURAN KIZILBAĞLI,GUNEYDOGU ANADOLU,Malatya,HEZENEK MAH. KAYNARCA MEVKİİ 1/1,Malatya,ARAPGİR
30074249,ERENPET PETROL ÜRÜNLERİ PAZARLAMA VE DAĞ ITIM TİC.LTD.ŞTİ  .,AKDENIZ,Mersin,ÖZGÜRLÜK MAH. 154. CAD. NO:2,İçel,AKDENİZ
30074250,BIOENERGY PETROL İNŞAAT SANAYİ VE TİCARET LİMİTED ŞİRKETİ,GUNEYDOGU ANADOLU,Malatya,ATAŞEHİR MAH. GÜNEY ÇEVRE YOLU NO:352,Elazığ,MERKEZ
30074302,PETKAR PETROL ÜRÜNLERİ TUR.HİZ.NAK.TİC.S AN.LTD.ŞTİ.  .,AKDENIZ,Mersin,KÖSELERLİ KÖYÜ,İçel,MUT
30074881,REFORMOİL ENERJİ PETROL VE PETROL ÜRÜNLE Rİ SANAYİ VE TİCARET LİMİTED ŞİRKETİ  .,GUNEYDOGU ANADOLU,Diyarbakır,KORİK MAH. TPAO BLV. REFORMOİL PETROL NO:489,Batman,MERKEZ
30074378,AYPET PETR. İTH. İHR. KUYM. OTO. İNŞ. NA K. GID. SAN. VE TİC. LTD. ŞTİ.  .,GUNEYDOGU ANADOLU,Diyarbakır,DURUCA MAHALLESİ E.24 KARAYOLU CADDESİ NO:13/1,Mardin,NUSAYBİN
30072165,BEKİR PETROL GIDA TARIM ÜRÜNLERİ SANAYİ VE TİCARET LİMİTED ŞİRKETİ,GUNEYDOGU ANADOLU,Gaziantep,KÖRKÜN MAH. TURGUT ÖZAL SANAYİ SİTESİ ADNAN MENDERES BULVARI,Gaziantep,OĞUZELİ
30072165,BEKİR PETROL GIDA TARIM ÜRÜNLERİ SANAYİ VE TİCARET LİMİTED ŞİRKETİ,GUNEYDOGU ANADOLU,Gaziantep,KÖRKÜN MAH. TURGUT ÖZAL SANAYİ SİTESİ ADNAN MENDERES BULVARI,Gaziantep,OĞUZELİ
30074422,BÖLTAŞ PETROL TAŞIMACILIK İNŞAAT TARIM Ü RÜNLERİ HİZMET ORGANİZASYONLARI SAN. VE TİC. LTD. ŞTİ .,GUNEYDOGU ANADOLU,Kahramanmaraş,ORHANGAZİ MAH. ŞEHİT ASTSUBAY ÖMER HALİSDEMİR CAD. NO:112/A,K.Maraş,ELBİSTAN
30074361,ENSAL PETROL ANONİM ŞİRKETİ   .,GUNEYDOGU ANADOLU,Gaziantep,MEHMETÇİK MAH. EYYÜP CENAP GÜLPINAR BLV. 53,Şanlıurfa,KARAKÖPRÜ
30074683,BARUTLAR İNŞAAT OTO.TUR.PET.ÜRÜN.NAK.SAN . VE TİC.LTD.ŞTİ,GUNEYDOGU ANADOLU,Diyarbakır,ŞANLIURFA YOLU 4.KM,Diyarbakır,MERKEZ
30086229,GÜRPET PETROLCÜLÜK OTOMOTİV İNŞAAT İMALAT SANAYİ VE TİCARET LİMİTED ŞİRKETİ,GUNEYDOGU ANADOLU,Hatay,NAMIK ÜNLER PAŞA MAHALLESI KURAN KURSU SOKAĞI NO:1,Kilis,MERKEZ
30074961,SLK PETROL VE PETROL ÜRÜNLERİ BETON TAŞI MACILIK İNŞAAT GIDA TEMİZLİK İNSAN KAY.S AN.VE TİC.LTD.ŞTİ. .,AKDENIZ,Adana,MİTHATPAŞA MAH. MÜCAHİTLER CAD. 57 A,Adana,SEYHAN
30074870,AKBULUT VE KAR.BEYAZEŞYA PET.TAAH.SAN.Tİ C.LTD.ŞTİ.  .,GUNEYDOGU ANADOLU,Malatya,DOĞUKENT MAH. MİMARSİNAN CAD. NO:127,Elazığ,MERKEZ
30074875,EMAS PETROL ÜRÜNLERİ OTOMOTİV HAYVANCILI K SÜT ÜRÜNLERİ SANAYİ VE TİCLTD.ŞTİ.,GUNEYDOGU ANADOLU,Malatya,ORDUZU MAH. KANYON CAD. NO:7,Malatya,BATTALGAZİ
30074989,HABUR PETROL ÜRN. VE GIDA SAN. NAK.İTH.İHR.LTD.ŞTİ.,GUNEYDOGU ANADOLU,Diyarbakır,KATRAN KÖYÜ NO: YOK,Şırnak,CİZRE
30074978,ÇUKUROVA PETROL TURİZM İNŞAAT SANAYİ VE TİCARET ANONİM ŞİRKETİ,AKDENIZ,Adana,YENİ MAHALLE ÖĞRETMENLER BULVARI NO:7/2A,Adana,SEYHAN
30074684,TURKAY AKARYAKIT PETROL TAŞIMACILIK VE İNŞAAT TİCARET LİMİTED ŞİRKETİ,GUNEYDOGU ANADOLU,Gaziantep,8 ŞUBAT MAHALLESI 82079 CADDESI NO:98,Gaziantep,ŞEHİTKAMİL
30075037,METİN NAK.TEKS.GIDA İNŞ.TAAH.İŞLERİ VE T EM. ÜRÜN. SAN. VE TİC. LTD. ŞTİ.  .,GUNEYDOGU ANADOLU,Gaziantep,KARATAŞ MAH. 103418 NOLU CD. NO.12,Gaziantep,ŞAHİNBEY
30075500,MUSTAFA YÜKSEL PETROL AŞ   .,GUNEYDOGU ANADOLU,Gaziantep,ŞARKPINAR MAHALLESİ DEMİRCİ YOLU CADDESİ NO:39 SANLIURFA  ŞA,Şanlıurfa,VİRANŞEHİR
30071932,İNCİPET PETROL ÜRÜNLERİ İNŞAAT TARIM GID A NAKLİYAT TURİZM OTOMOTİV SANAYİ VE TİC ARET,GUNEYDOGU ANADOLU,Diyarbakır,KIRMASIRT MAH. SEMT YENİ MARDİN BLV.NO:460,Diyarbakır,SUR
30075145,TEMEL PETROL ORG. HİZM. YEM. İNŞ. TAŞ. T EM. TEKST. SAN. VE TİC. LTD. ŞTİ.,GUNEYDOGU ANADOLU,Kahramanmaraş,KÖYÜN KENDİSİ KÖY SK. NO:42 HARMANARDI KÖYÜ,Adıyaman,BESNİ
30074877,ASYA PETROL ÜRÜNLERİİŞL.TES.TİC.LTD.ŞTİ.,GUNEYDOGU ANADOLU,Gaziantep,TEKSTİLKENT MAH. İBRAHİM TEVFİK KUTLAR CAD. NO.159,Gaziantep,ŞAHİNBEY
30075397,AL-PE-TAN PET.ÜR.İNŞ.TAAH.NAK.TUR.HAY.TA R.GID.MAD.TİC.LTD.ŞT  .,GUNEYDOGU ANADOLU,Hatay,ULUPINAR MAH. AKDENİZ CADDESİ NO:60 ARSUZ HATAY  HATAY,Hatay,İSKENDERUN
30075316,GİRAY LOJİSTİK ULUSLARARASI TAŞIMACILIK PETROL TİCARET ANONİM ŞİRKETİ  .,GUNEYDOGU ANADOLU,Gaziantep,ZEYTİNLİ MAH. TURGUT ÖZAL BULVARI CAD. NO:18 GAZIANTEP  GAZİ,Gaziantep,ŞEHİTKAMİL
30071116,EMMOŞBUCAK TURİZM VE SANAYİ TİC. LTD. ŞTİ.,GUNEYDOGU ANADOLU,Gaziantep,SİVEREK ŞANLIURFA KARAYOLU ÜZERİ 5. KM,Şanlıurfa,SİVEREK
30075413,EMMOŞBUCAK TURİZM VESANAYİ TİC. LMTDŞTİ.,GUNEYDOGU ANADOLU,Gaziantep,AKABE MAHALLESİ OTOGAR KARŞISI SANLIURFA  ŞANLIURFA,Şanlıurfa,MERKEZ
30074642,ÇETİN PET.NAK.İNŞ.GID.BES.TAR.SAN.VE TİC .LTD.ŞTİ.,GUNEYDOGU ANADOLU,Diyarbakır,IŞIKLAR MAH. IŞIKLAR SOK. NO:99,Mardin,KIZILTEPE
30075544,ÖZLEM 21 PETROL NAKLİYE TURİZM TEMİZLİK İNŞAAT İTHALAT İHRACAT TİCARET VE SANAYİ LİMİ,GUNEYDOGU ANADOLU,Diyarbakır,FIRAT MAHALLESİ 553 SOKAK N0:3 DIYARBAKIR  DİYARBAKIR,Diyarbakır,KAYAPINAR
30075571,GEÇİTSAN AKARYAKIT PETROL İNŞ. TAŞIMACIL IK MADENCİLİK OTO. TEMİZLİK SAN. VE TİC. LTD.ŞTİ.,GUNEYDOGU ANADOLU,Diyarbakır,YENİKÖY MAH. GÜNEY BATIRAMAN ÇEVRE YOLU SK. NO: 1 BALPINAR K,Batman,MERKEZ
30075645,RAN PET PETROL GIDA TAŞIMACILIK MADENCİLİK İNŞAAT SANAYİ VE TİCARET ANONİM ŞİRKETİ,AKDENIZ,Mersin,AKKENT MAHALLESI G.M.K. BULVARI NO:536 POLISEVI KARŞISI MERS,İçel,YENİŞEHİR
30075621,ZAİMOĞLU PETROL VE İNŞAAT ÜRETİM PAZSAN. TİC.A.Ş.  .,GUNEYDOGU ANADOLU,Malatya,RÜSTEM PAŞA MAH. CAHİT DALOKAY CAD. NO:11   ELAZIĞ,Elazığ,MERKEZ
30075667,BMT ÇİMENTO MAKİNA İHRACAT SANAYİ VE TİC ARET LİMİTED ŞİRKETİ  .,GUNEYDOGU ANADOLU,Malatya,ELAZIĞ-BİNGÖL YOLU 62. KM TEPEBAĞ KÖYÜ NO:151   ELAZIĞ,Elazığ,KOVANCILAR
30075768,SOM MADENİ YAĞ ULUSLAR ARASI NAKLİYAT İT H. İHR. TİC.LTD.ŞTİ.,GUNEYDOGU ANADOLU,Malatya,BAĞLICA MAHALLESI İZOLLU CADDESI NO:6/B MALATYA  MALATYA,Malatya,KALE
30075676,RAN PET PETROL GIDA TAŞIMACILIK MADENCİLİK İNŞAAT SANAYİ VE TİCARET ANONİM ŞİRKETİ,AKDENIZ,Mersin,50. YIL MAHALLESI 13. CADDESI  NO:61 MERSIN  MERSİN,İçel,YENİŞEHİR
30075677,RAN PET PETROL GIDA TAŞIMACILIK MADENCİLİK İNŞAAT SANAYİ VE TİCARET ANONİM ŞİRKETİ,AKDENIZ,Mersin,EĞRIÇAM MAHALLESI H.OKAN MERZECI BULVARI  NO:129   MER,İçel,YENİŞEHİR
30075754,SETAN PETROL ÜRÜNLERİ SAN VE TİC.LTD.ŞTİ   .,GUNEYDOGU ANADOLU,Gaziantep,NESİMİ MAH. KAHRAMANMARAŞ CAD. NO: 19 İÇ KAPI NO: 1 GAZIANTE,Gaziantep,ŞEHİTKAMİL
30075780,OYSALLAR AKARYAKITSANAYİ VE TİCARET LTD. ŞTİ.,GUNEYDOGU ANADOLU,Diyarbakır,VEYSELKARANI MAHALLESI KURTALAN CADDESI NO:20 SIIRT  SİİRT,Siirt,MERKEZ
30075749,UÇAK PETROL ÜRÜNLERİOTOGAZ MAR.NAK.OTOM. SAN.TİC.LTD.ŞTİ.  .,GUNEYDOGU ANADOLU,Hatay,MENDERES MAH. HASSA ÇEVRE YOLU CAD. NO:46 İÇ KAPI NO:A HATAY,Hatay,KIRIKHAN
30070998,GETERLER PET.ÜRN.SOSTES.İNŞ.ELEK.SANTİC. İTH.İHR.LTD.,GUNEYDOGU ANADOLU,Diyarbakır,YUNUS EMRE MAH. KARACADAĞ BLV. NO:59,Diyarbakır,BAĞLAR
30075785,ÇİFTKAR İNŞAAT EMLAK PETROL TEKSTİL TAAH . SAN. VE TİC.LTD.ŞTİ.  .,GUNEYDOGU ANADOLU,Gaziantep,ŞANLIURFA - DIYARBAKIR KARAYOLU ÜZERI 8. KM MAŞUK KÖYÜ MEVKI,Şanlıurfa,MERKEZ
30071971,ORTANCA HAYVANCILIKTAŞIMACILIK TAR.AKARS AN.VE TİC.LTD.ŞTİ.  .,GUNEYDOGU ANADOLU,Kahramanmaraş,KÖYÜN KENDİSİ ORTANCA KÜMEEVLER NO:1 ORTANCA KÖYÜ,Adıyaman,KAHTA
30070725,ECO AKARYAKIT NAKLİYAT İNŞAAT GIDA TURİZ M İÇ VE DIŞ TİCARET ANONİM ŞİRKETİ,GUNEYDOGU ANADOLU,Hatay,KARŞI MAHALLESİ ŞEHİT YÜZBAŞI ALİ OĞUZ BULVARI NO:37,Hatay,PAYAS
30070928,ÇAĞ-PET AKARYAKIT ÜRÜNLERİ NAKLİYAT SAN. TİC.LTD.ŞTİ.,GUNEYDOGU ANADOLU,Hatay,YILDIRIM BEYAZIT MAHALLESİ ŞHT. YZB. ALİ OĞUZ BULVARI NO:188,Hatay,PAYAS
30070875,EROĞLU PETROL TİCARET VE SANAYİ LİMİTED ŞİRKETİ  .,AKDENIZ,Mersin,KURTULUŞ MAH. D-750 SOKAK NO:179-181,Adana,POZANTI
30075320,ASEM FİLO PETROL ANONİM ŞİRKETİ,GUNEYDOGU ANADOLU,Gaziantep,BÜLBÜLZADE MAHALLESI 136036 NO'LU CADDESI NO:36,Gaziantep,ŞAHİNBEY
30071106,CEVHER OTOMOTİV BENTURİZM SAN VE TİC LTD ŞTİ,GUNEYDOGU ANADOLU,Gaziantep,YENI OTOGAR ARKASI,Gaziantep,ŞEHİTKAMİL
30071908,BONUS AKARYAKIT TAŞIMACILIK İNŞ.MADENCİL İK GIDA SAN.VE TİC.LTD.ŞTİ  .,AKDENIZ,Mersin,LİMONLU MAH. MİLLİ EGEMENLİK CAD. NO: 98-A,İçel,ERDEMLİ
30072614,KOÇPET TURİZM AKARYAKIT SANAYİ VE TİCARET LİMİTED ŞİRKETİ,GUNEYDOGU ANADOLU,Kahramanmaraş,YIRMIIKIGÜN MAH. TURGUT ÖZAL BLV. NO: 10 A,K.Maraş,ONİKİŞUBAT
30072067,AKSERT PETROL VE ZİRAAT ÜRÜNLERİ ULUSLAR ARASI TAŞ. TUR. EML. GAL. GIDA ORM. ÜR. SAN. VE TİC.LTD.ŞTİ. .,AKDENIZ,Adana,CEYHAN YOLU 15. KM. KÜRKÇÜLER MEVKII,Adana,YÜREĞİR
30072510,ÖZKAYIK KARDEŞLER AKARYAKIT ÜRÜNLERİ SAN AYİ VE TİCARET LİMİTED ŞİRKETİ,GUNEYDOGU ANADOLU,Diyarbakır,KÖSELİ MAH. DİYARBAKIR BLV. KAYIK PETROL NO: 134,Diyarbakır,BİSMİL
30081462,VURAL PETROL TİCARET LİMİTED ŞİRKETİ,GUNEYDOGU ANADOLU,Hatay,İSALI MAH. KURTULUŞ CADDESİ NO:87,Hatay,ERZİN
30072473,HOROZ KARDEŞLER PETROL ÜRÜNLERİ OTOMOTİV İNŞAAT NAKLİYAT TARIM HAYVAN.SAN.TİC.LTD .ŞTİ,GUNEYDOGU ANADOLU,Malatya,SÜTLÜCE MAH. SÜTLÜCE SK. NO: 1 /1,Malatya,YEŞİLYURT
30072390,RAN PET PETROL GIDA TAŞIMACILIK MADENCİLİK İNŞAAT SANAYİ VE TİCARET ANONİM ŞİRKETİ,AKDENIZ,Mersin,KALE MAHALLESİ HOCA AHMET YESEVİ CADDESİ NO:1A TÖMÜK,İçel,ERDEMLİ
30072386,RAN PET PETROL GIDA TAŞIMACILIK MADENCİLİK İNŞAAT SANAYİ VE TİCARET ANONİM ŞİRKETİ,AKDENIZ,Mersin,AKKENT MAHALLESİ 34. CADDESİ  NO:28,İçel,YENİŞEHİR
30072389,RAN PET PETROL GIDA TAŞIMACILIK MADENCİLİK İNŞAAT SANAYİ VE TİCARET ANONİM ŞİRKETİ,AKDENIZ,Mersin,SAZBAŞI MAHALLESİ ALPARSLAN TÜRKEŞ BULVARI NO:381 ATAKENT,İçel,SİLİFKE
30072490,ARDAEREN SAĞLIK HİZMETLERİ SANAYİ VE TİC ARET LTD.ŞTİ  .,GUNEYDOGU ANADOLU,Malatya,RIZAIYE MAH. IZZETPASA CAD. NO: 20 IÇ KAPI NO: Z02,Elazığ,MERKEZ
30072709,MUT ŞOFÖRLER ODASI AKARYAKIT TİCARET LİM İTED ŞİRKE,AKDENIZ,Mersin,KÜLTÜR MAH. ATATÜRK BLV. NO: 188 IÇ KAPI NO: A,İçel,MUT
30072775,ALASKA AKARYAKIT NAKLİYE GIDA İNŞAAT  SANAYİ VE TİCARET LİMİTED ŞİRKETİ  .,AKDENIZ,Mersin,MENDERES MAHALLESİ GAZİ MUSTAFA KEMAL BULVARI NO: 769,İçel,MEZİTLİ
30088653,DUMAN PETROL NAK. SAN. VE TİC. A.Ş.,AKDENIZ,Mersin,KEMALPAŞA MAHALLESI ANKARA BULVARI NO:185/A,İçel,TARSUS
30081097,PETİL PETROL EN.TUR.İNŞ.LOJ.TAAH.SAN. VE TİC.LTD.ŞTİ,GUNEYDOGU ANADOLU,Kahramanmaraş,İSTASYON MAHALLESI ADANA ASFALTI CADDESI NO:28/A,K.Maraş,TÜRKOĞLU
30085463,UĞUR PETROLCÜLÜK VE NAKLİYE SANAYİ TİCARET LİMİTED ŞİRKETİ,GUNEYDOGU ANADOLU,Malatya,"KELMAHMUT KÖYÜ , GÜLMAHMUT MEVKİİ NO:77",Elazığ,MERKEZ
30081699,KELCE AKARYAKIT ZİRAİ VE TEKSTİL ÜRÜNLERELEK.SAN.VE TİC.A.Ş.,GUNEYDOGU ANADOLU,Hatay,KICI KÖYÜ,Hatay,BELEN
30082038,TOYMAR OTOMOTİV PETROL TİC.VE PAZARLAMA. A.Ş.,GUNEYDOGU ANADOLU,Kahramanmaraş,YENİŞEHİR MAHALLESİ ÇEVRE YOLU ÜZERİ MİGROS YANI,K.Maraş,MERKEZ
30084326,AKRA OTOMOTİV SANAYİ VE TİCARET LİMİTED ŞİRKETİ,AKDENIZ,Mersin,ZEKİ AYAN MAHALLESİ HÜSEYİN OKAN MERZECİ BULVARI NO:326 A,İçel,TOROSLAR
30084571,DİCLE GRUP GIDA PET.İNŞ.NAK MAD.SAN.VE TİC.LTD.ŞTİ.,GUNEYDOGU ANADOLU,Diyarbakır,BAĞCILAR MAHALLESI URFA BULVARI NO:297 BAĞLAR,Diyarbakır,BAĞLAR
30084738,NİRVANA AKARYAKIT SANAYİ VE TİCARET LİMİTED ŞİRKETİ,GUNEYDOGU ANADOLU,Gaziantep,AYDINLAR MAHALLESI DURDU YETKIN ŞEKERCI CADDESI NO:3/1,Gaziantep,ŞEHİTKAMİL
30084872,MMC ÇELEBİ TURİZM AKARYAKIT İNŞAAT TARIM ÜRÜNLERİ SANAYİ VE TİCARET LİMİTED ŞİRKETİ,GUNEYDOGU ANADOLU,Gaziantep,ASLANLI MAHALLESI ASLANLI SOKAĞI NO:22,Şanlıurfa,HİLVAN
30084634,AKTÜRKLER YEMEKÇİLİK TEMİZLİK İNŞAAT YAPI TAAHHÜT KÖMÜR ALIM SATIM DEPOLAMA HAYVANCILIK SANAYİ TİCARET LİMİTED ŞİRKETİ,GUNEYDOGU ANADOLU,Kahramanmaraş,ŞEHİT MUSTAFA YAĞIZ MAHALLESİ ARSLANTAŞ CAD.NO:3,Osmaniye,KADİRLİ
30086051,DURGÜN PETROL İNŞAAT SANAYİ VE TİCARET LİMİTED ŞİRKETİ,GUNEYDOGU ANADOLU,Kahramanmaraş,MENDERES MAH. 9001 SOKAK NO: 2,Adıyaman,KAHTA
30088039,ÜSTBİRLİK AKARYAKIT İNŞAAT TURİZM OTOM. TAŞ. YEMEKÇİLİK GIDA REKLAM EMLAK SANAYİ TİCARET LİMİTED ŞİRKETİ,AKDENIZ,Adana,TURHAN CEMAL BERIKER BULVARI NO:513,Adana,SEYHAN
30088200,YAPRAK PETROL TARIM ÜRÜNLERİ GÜBRE NAK. TEKSTİL GIDA İNŞAAT TURİZM SANAYİ VE TİCARET LTD.ŞTİ.,GUNEYDOGU ANADOLU,Gaziantep,ÖZAL MAH. E 90 2 CAD. YAPRAK PET TARM ÜRN NO:1020,Şanlıurfa,VİRANŞEHİR